,model,params,flops,input,acc_metrics,inference_qps,category,series,extra
0,BeitBasePatch16,86.53,17.61,224,85.24,351.521,Recognition,BEiT,21k
1,BeitBasePatch16,86.74,55.7,384,86.808,150.047,Recognition,BEiT,21k
2,BeitLargePatch16,304.43,61.68,224,87.476,99.8014,Recognition,BEiT,21k
3,BeitLargePatch16,305,191.65,384,88.382,48.0033,Recognition,BEiT,21k
4,BeitLargePatch16,305.67,363.46,512,88.584,23.8038,Recognition,BEiT,21k
5,BeitV2BasePatch16,86.53,17.61,224,85.5,347.238,Recognition,BEiTV2,
6,BeitV2BasePatch16,86.53,17.61,224,86.5,347.238,Recognition,BEiTV2,imagenet21k-ft1k
7,BeitV2LargePatch16,304.43,61.68,224,87.3,98.1395,Recognition,BEiTV2,
8,BeitV2LargePatch16,304.43,61.68,224,88.4,98.1395,Recognition,BEiTV2,imagenet21k-ft1k
9,BotNet50,21,5.42,224,,747.134,Recognition,BotNet,
10,BotNet101,41,9.13,224,,435.063,Recognition,BotNet,
11,BotNet152,56,12.84,224,,324.651,Recognition,BotNet,
12,BotNet26T,12.5,3.3,256,79.246,1183.29,Recognition,BotNet,
13,BotNextECA26T,10.59,2.45,256,79.27,1046.04,Recognition,BotNet,
14,BotNetSE33T,13.7,3.89,256,81.2,612.852,Recognition,BotNet,
15,CAFormerS18,26,4.1,224,83.6,349.562,Recognition,CAFormer,
16,CAFormerS18,26,4.1,224,84.1,349.562,Recognition,CAFormer,imagenet21k-ft1k
17,CAFormerS18,26,13.4,384,85,171.51,Recognition,CAFormer,
18,CAFormerS18,26,13.4,384,85.4,171.51,Recognition,CAFormer,imagenet21k-ft1k
19,CAFormerS36,39,8,224,84.5,189.586,Recognition,CAFormer,
20,CAFormerS36,39,8,224,85.8,189.586,Recognition,CAFormer,imagenet21k-ft1k
21,CAFormerS36,39,26,384,85.7,92.0302,Recognition,CAFormer,
22,CAFormerS36,39,26,384,86.9,92.0302,Recognition,CAFormer,imagenet21k-ft1k
23,CAFormerM36,56,13.2,224,85.2,139.914,Recognition,CAFormer,
24,CAFormerM36,56,13.2,224,86.6,139.914,Recognition,CAFormer,imagenet21k-ft1k
25,CAFormerM36,56,42,384,86.2,62.9792,Recognition,CAFormer,
26,CAFormerM36,56,42,384,87.5,62.9792,Recognition,CAFormer,imagenet21k-ft1k
27,CAFormerB36,99,23.2,224,85.5,103.805,Recognition,CAFormer,
28,CAFormerB36,99,23.2,224,87.4,103.805,Recognition,CAFormer,imagenet21k-ft1k
29,CAFormerB36,99,72.2,384,86.4,45.2969,Recognition,CAFormer,
30,CAFormerB36,99,72.2,384,88.1,45.2969,Recognition,CAFormer,imagenet21k-ft1k
31,ConvFormerS18,27,3.9,224,83,314.063,Recognition,ConvFormer,
32,ConvFormerS18,27,3.9,224,83.7,314.063,Recognition,ConvFormer,imagenet21k-ft1k
33,ConvFormerS18,27,11.6,384,84.4,152.538,Recognition,ConvFormer,
34,ConvFormerS18,27,11.6,384,85,152.538,Recognition,ConvFormer,imagenet21k-ft1k
35,ConvFormerS36,40,7.6,224,84.1,157.953,Recognition,ConvFormer,
36,ConvFormerS36,40,7.6,224,85.4,157.953,Recognition,ConvFormer,imagenet21k-ft1k
37,ConvFormerS36,40,22.4,384,85.4,81.961,Recognition,ConvFormer,
38,ConvFormerS36,40,22.4,384,86.4,81.961,Recognition,ConvFormer,imagenet21k-ft1k
39,ConvFormerM36,57,12.8,224,84.5,131.612,Recognition,ConvFormer,
40,ConvFormerM36,57,12.8,224,86.1,131.612,Recognition,ConvFormer,imagenet21k-ft1k
41,ConvFormerM36,57,37.7,384,85.6,58.8572,Recognition,ConvFormer,
42,ConvFormerM36,57,37.7,384,86.9,58.8572,Recognition,ConvFormer,imagenet21k-ft1k
43,ConvFormerB36,100,22.6,224,84.8,102.589,Recognition,ConvFormer,
44,ConvFormerB36,100,22.6,224,87,102.589,Recognition,ConvFormer,imagenet21k-ft1k
45,ConvFormerB36,100,66.5,384,85.7,46.318,Recognition,ConvFormer,
46,ConvFormerB36,100,66.5,384,87.6,46.318,Recognition,ConvFormer,imagenet21k-ft1k
47,CMTTiny,9.5,0.65,160,77.4,342.318,Recognition,CMT,
48,CMTTiny,9.5,0.65,160,78.94,342.318,Recognition,CMT,
49,CMTTiny,9.5,1.32,224,80.73,293.799,Recognition,CMT,
50,CMTTiny_torch,9.5,0.65,160,79.2,374.156,Recognition,CMT,
51,CMTXS_torch,15.2,1.58,192,81.8,275.403,Recognition,CMT,
52,CMTSmall_torch,25.1,4.09,224,83.5,181.83,Recognition,CMT,
53,CMTBase_torch,45.7,9.42,256,84.5,108.942,Recognition,CMT,
54,CoaTLiteTiny,5.7,1.6,224,77.5,485.178,Recognition,CoaT,
55,CoaTLiteMini,11,2,224,79.1,464.408,Recognition,CoaT,
56,CoaTLiteSmall,20,3.97,224,81.9,264.449,Recognition,CoaT,
57,CoaTTiny,5.5,4.33,224,78.3,165.745,Recognition,CoaT,
58,CoaTMini,10,6.78,224,81,131.823,Recognition,CoaT,
59,CoAtNet0,23.3,2.09,160,80.48,597.086,Recognition,CoAtNet,
60,CoAtNet0,23.8,4.22,224,82.79,425.88,Recognition,CoAtNet,
61,CoAtNet0,25,4.2,224,81.6,456.76,Recognition,CoAtNet,
62,CoAtNet0,25,4.6,224,82,425.88,Recognition,CoAtNet,
63,CoAtNet1,42,8.4,224,83.3,229.832,Recognition,CoAtNet,
64,CoAtNet1,42,8.8,224,83.5,214.872,Recognition,CoAtNet,
65,CoAtNet2,75,15.7,224,84.1,169.795,Recognition,CoAtNet,
66,CoAtNet2,75,16.6,224,84.1,162.664,Recognition,CoAtNet,
67,CoAtNet2,75,16.6,224,87.1,162.664,Recognition,CoAtNet,ImageNet-21k
68,CoAtNet3,168,34.7,224,84.5,99.0514,Recognition,CoAtNet,
69,CoAtNet3,168,34.7,224,87.6,99.0514,Recognition,CoAtNet,ImageNet-21k
70,CoAtNet3,168,203.1,512,87.9,99.0514,Recognition,CoAtNet,ImageNet-21k
71,CoAtNet4,275,360.9,512,88.1,57.4435,Recognition,CoAtNet,ImageNet-21k
72,CoAtNet4,275,360.9,512,88.56,57.4435,Recognition,CoAtNet,ImageNet-21K + PT-RA-E150
73,ConvNeXtTiny,28,4.49,224,82.1,378.298,Recognition,ConvNeXt,
74,ConvNeXtTiny,28,4.49,224,82.9,378.298,Recognition,ConvNeXt,ImageNet21k-ft1k
75,ConvNeXtTiny,28,13.19,384,84.1,186.891,Recognition,ConvNeXt,ImageNet21k-ft1k
76,ConvNeXtSmall,50,8.73,224,83.1,213.878,Recognition,ConvNeXt,
77,ConvNeXtSmall,50,8.73,224,84.6,213.878,Recognition,ConvNeXt,ImageNet21k-ft1k
78,ConvNeXtSmall,50,25.67,384,85.8,108.964,Recognition,ConvNeXt,ImageNet21k-ft1k
79,ConvNeXtBase,89,15.42,224,83.8,158.33,Recognition,ConvNeXt,
80,ConvNeXtBase,89,45.32,384,85.1,83.5147,Recognition,ConvNeXt,
81,ConvNeXtBase,89,15.42,224,85.8,158.33,Recognition,ConvNeXt,ImageNet21k-ft1k
82,ConvNeXtBase,89,45.32,384,86.8,83.5147,Recognition,ConvNeXt,ImageNet21k-ft1k
83,ConvNeXtLarge,198,34.46,224,84.3,105.682,Recognition,ConvNeXt,
84,ConvNeXtLarge,198,101.28,384,85.5,48.3894,Recognition,ConvNeXt,
85,ConvNeXtLarge,198,34.46,224,86.6,105.682,Recognition,ConvNeXt,ImageNet21k-ft1k
86,ConvNeXtLarge,198,101.28,384,87.5,48.3894,Recognition,ConvNeXt,ImageNet21k-ft1k
87,ConvNeXtXlarge,350,61.06,224,87,70.8078,Recognition,ConvNeXt,21k
88,ConvNeXtXlarge,350,179.43,384,87.8,32.683,Recognition,ConvNeXt,21k
89,ConvNeXtXXLarge,846,198.09,256,88.6,,Recognition,ConvNeXt,clip
90,ConvNeXtV2Atto,3.7,0.55,224,76.7,717.524,Recognition,ConvNeXtV2,
91,ConvNeXtV2Femto,5.2,0.78,224,78.5,744.726,Recognition,ConvNeXtV2,
92,ConvNeXtV2Pico,9.1,1.37,224,80.3,609.063,Recognition,ConvNeXtV2,
93,ConvNeXtV2Nano,15.6,2.45,224,81.9,453.755,Recognition,ConvNeXtV2,
94,ConvNeXtV2Nano,15.6,2.45,224,82.1,453.755,Recognition,ConvNeXtV2,ImageNet21k-ft1k
95,ConvNeXtV2Nano,15.6,7.21,384,83.4,221.756,Recognition,ConvNeXtV2,ImageNet21k-ft1k
96,ConvNeXtV2Tiny,28.6,4.47,224,83,296.75,Recognition,ConvNeXtV2,
97,ConvNeXtV2Tiny,28.6,4.47,224,83.9,296.75,Recognition,ConvNeXtV2,ImageNet21k-ft1k
98,ConvNeXtV2Tiny,28.6,13.1,384,85.1,145.222,Recognition,ConvNeXtV2,ImageNet21k-ft1k
99,ConvNeXtV2Base,89,15.4,224,84.9,128.672,Recognition,ConvNeXtV2,
100,ConvNeXtV2Base,89,15.4,224,86.8,128.672,Recognition,ConvNeXtV2,ImageNet21k-ft1k
101,ConvNeXtV2Base,89,45.2,384,87.7,66.0963,Recognition,ConvNeXtV2,ImageNet21k-ft1k
102,ConvNeXtV2Large,198,34.4,224,85.8,87.7555,Recognition,ConvNeXtV2,
103,ConvNeXtV2Large,198,34.4,224,87.3,87.7555,Recognition,ConvNeXtV2,ImageNet21k-ft1k
104,ConvNeXtV2Large,198,101.1,384,88.2,37.6777,Recognition,ConvNeXtV2,ImageNet21k-ft1k
105,ConvNeXtV2Huge,660,115,224,86.3,,Recognition,ConvNeXtV2,
106,ConvNeXtV2Huge,660,337.9,384,88.7,,Recognition,ConvNeXtV2,ImageNet21k-ft1k
107,ConvNeXtV2Huge,660,600.8,512,88.9,,Recognition,ConvNeXtV2,ImageNet21k-ft1k
108,CotNet50,22.2,3.25,224,81.3,318.718,Recognition,CoTNet,
109,CotNetSE50D,23.1,4.05,224,81.6,536.245,Recognition,CoTNet,
110,CotNet101,38.3,6.07,224,82.8,179.875,Recognition,CoTNet,
111,CotNetSE101D,40.9,8.44,224,83.2,258.401,Recognition,CoTNet,
112,CotNetSE152D,55.8,12.22,224,84,175.019,Recognition,CoTNet,
113,CotNetSE152D,55.8,24.92,320,84.6,175.019,Recognition,CoTNet,
114,DaViT_T,28.36,4.56,224,82.8,244.775,Recognition,DaViT,
115,DaViT_S,49.75,8.83,224,84.2,149.76,Recognition,DaViT,
116,DaViT_B,87.95,15.55,224,84.6,105.758,Recognition,DaViT,
117,DaViT_L,196.8,103.2,384,87.5,34.1747,Recognition,DaViT,21k
118,DaViT_H,348.9,327.3,512,90.2,13.0033,Recognition,DaViT,1.5B
119,DaViT_G,1406,0.001022,512,90.4,,Recognition,DaViT,1.5B
120,DiNAT_Mini,20,2.73,224,81.8,84.3186,Recognition,DiNAT,
121,DiNAT_Tiny,27.9,4.34,224,82.7,61.5707,Recognition,DiNAT,
122,DiNAT_Small,50.7,7.84,224,83.8,40.4339,Recognition,DiNAT,
123,DiNAT_Base,89.8,13.76,224,84.4,29.7462,Recognition,DiNAT,
124,DiNAT_Large,200.9,30.58,224,86.6,18.5385,Recognition,DiNAT,22k
125,DiNAT_Large_21k num_classes,200.9,30.58,224,,,Recognition,DiNAT,
126,DiNAT_Large_21k num_classes,200.9,89.86,384,87.4,6.63453,Recognition,DiNAT,22k
127,DiNAT_Large_K11,201.1,92.57,384,87.5,2.70882,Recognition,DiNAT,22k
128,DINOv2_ViT_Small14,22.83,47.23,518,81.1,158.769,Recognition,DINOv2,
129,DINOv2_ViT_Base14,88.12,152.6,518,84.5,54.2718,Recognition,DINOv2,
130,DINOv2_ViT_Large14,306.4,509.6,518,86.3,15.9247,Recognition,DINOv2,
131,DINOv2_ViT_Giant14,1139.6,1790.3,518,86.5,,Recognition,DINOv2,
132,EdgeNeXt_XX_Small,1.33,0.266,256,71.23,954.051,Recognition,EdgeNeXt,
133,EdgeNeXt_X_Small,2.34,0.547,256,74.96,677.654,Recognition,EdgeNeXt,
134,EdgeNeXt_Small,5.59,1.27,256,79.41,578.389,Recognition,EdgeNeXt,
135,EdgeNeXt_Small,5.59,1.27,256,81.07,578.389,Recognition,EdgeNeXt,usi
136,EfficientFormerL1,12.3,1.31,224,79.2,1226.31,Recognition,EfficientFormer,distill
137,EfficientFormerL3,31.4,3.95,224,82.4,530.625,Recognition,EfficientFormer,distill
138,EfficientFormerL7,74.4,9.79,224,83.3,217.117,Recognition,EfficientFormer,distill
139,EfficientFormerV2S0,3.6,0.4052,224,76.2,1239.8,Recognition,EfficientFormerV2,distill
140,EfficientFormerV2S1,6.19,0.6656,224,79.7,964.7,Recognition,EfficientFormerV2,distill
141,EfficientFormerV2S2,12.7,1.27,224,82,585.585,Recognition,EfficientFormerV2,distill
142,EfficientFormerV2L,26.3,2.59,224,83.5,392.825,Recognition,EfficientFormerV2,distill
143,EfficientNetV1B0,5.3,0.39,224,77.6,1189.34,Recognition,EfficientNet,
144,EfficientNetV1B0,5.3,0.39,224,78.8,1189.34,Recognition,EfficientNet,NoisyStudent
145,EfficientNetV1B1,7.8,0.7,240,79.6,790.774,Recognition,EfficientNet,
146,EfficientNetV1B1,7.8,0.7,240,81.5,790.774,Recognition,EfficientNet,NoisyStudent
147,EfficientNetV1B2,9.1,1.01,260,80.5,699.629,Recognition,EfficientNet,
148,EfficientNetV1B2,9.1,1.01,260,82.4,699.629,Recognition,EfficientNet,NoisyStudent
149,EfficientNetV1B3,12.2,1.86,300,81.9,503.373,Recognition,EfficientNet,
150,EfficientNetV1B3,12.2,1.86,300,84.1,503.373,Recognition,EfficientNet,NoisyStudent
151,EfficientNetV1B4,19.3,4.46,380,83.3,281.455,Recognition,EfficientNet,
152,EfficientNetV1B4,19.3,4.46,380,85.3,281.455,Recognition,EfficientNet,NoisyStudent
153,EfficientNetV1B5,30.4,10.4,456,84.3,153.726,Recognition,EfficientNet,
154,EfficientNetV1B5,30.4,10.4,456,86.1,153.726,Recognition,EfficientNet,NoisyStudent
155,EfficientNetV1B6,43,19.29,528,84.8,92.0942,Recognition,EfficientNet,
156,EfficientNetV1B6,43,19.29,528,86.4,92.0942,Recognition,EfficientNet,NoisyStudent
157,EfficientNetV1B7,66.3,38.13,600,85.2,54.9365,Recognition,EfficientNet,
158,EfficientNetV1B7,66.3,38.13,600,86.9,54.9365,Recognition,EfficientNet,NoisyStudent
159,EfficientNetV1L2,480.3,477.98,800,88.4,8.35729,Recognition,EfficientNet,NoisyStudent
160,EfficientNetV2B0,7.1,0.72,224,78.7,1180.15,Recognition,EfficientNetV2,
161,EfficientNetV2B0,7.1,0.72,224,77.55,1180.15,Recognition,EfficientNetV2,ImageNet21k-ft1k
162,EfficientNetV2B1,8.1,1.21,240,79.8,958.012,Recognition,EfficientNetV2,
163,EfficientNetV2B1,8.1,1.21,240,79.03,958.012,Recognition,EfficientNetV2,ImageNet21k-ft1k
164,EfficientNetV2B2,10.1,1.71,260,80.5,829.3,Recognition,EfficientNetV2,
165,EfficientNetV2B2,10.1,1.71,260,79.48,829.3,Recognition,EfficientNetV2,ImageNet21k-ft1k
166,EfficientNetV2B3,14.4,3.03,300,82.1,580.35,Recognition,EfficientNetV2,
167,EfficientNetV2B3,14.4,3.03,300,82.46,580.35,Recognition,EfficientNetV2,ImageNet21k-ft1k
168,EfficientNetV2T,13.6,3.18,288,82.34,532.972,Recognition,EfficientNetV2,
169,EfficientNetV2T_GC,13.7,3.19,288,82.46,383.378,Recognition,EfficientNetV2,
170,EfficientNetV2S,21.5,8.41,384,83.9,361.509,Recognition,EfficientNetV2,
171,EfficientNetV2S,21.5,8.41,384,84.9,361.509,Recognition,EfficientNetV2,ImageNet21k-ft1k
172,EfficientNetV2M,54.1,24.69,480,85.2,157.764,Recognition,EfficientNetV2,
173,EfficientNetV2M,54.1,24.69,480,86.2,157.764,Recognition,EfficientNetV2,ImageNet21k-ft1k
174,EfficientNetV2L,119.5,56.27,480,85.7,90.4257,Recognition,EfficientNetV2,
175,EfficientNetV2L,119.5,56.27,480,86.9,90.4257,Recognition,EfficientNetV2,ImageNet21k-ft1k
176,EfficientNetV2XL,206.8,93.66,512,87.2,58.7622,Recognition,EfficientNetV2,21k-ft1k
177,EfficientViT_B1,9.1,0.58,224,79.4,1052.8,Recognition,EfficientViT_B,
178,EfficientViT_B1,9.1,0.78,256,79.9,903.761,Recognition,EfficientViT_B,
179,EfficientViT_B1,9.1,1.03,288,80.4,739.044,Recognition,EfficientViT_B,
180,EfficientViT_B2,24.33,1.68,224,82.1,620.375,Recognition,EfficientViT_B,
181,EfficientViT_B2,24.33,2.25,256,82.7,538.368,Recognition,EfficientViT_B,
182,EfficientViT_B2,24.33,2.92,288,83.1,444.323,Recognition,EfficientViT_B,
183,EfficientViT_B3,48.65,4.14,224,83.5,351.024,Recognition,EfficientViT_B,
184,EfficientViT_B3,48.65,5.51,256,83.8,304.131,Recognition,EfficientViT_B,
185,EfficientViT_B3,48.65,7.14,288,84.2,230.509,Recognition,EfficientViT_B,
186,EfficientViT_M0,2.35,0.0794,224,63.2,873.905,Recognition,EfficientViT_M,
187,EfficientViT_M1,2.98,0.167,224,68.4,1003.03,Recognition,EfficientViT_M,
188,EfficientViT_M2,4.19,0.201,224,70.8,995.149,Recognition,EfficientViT_M,
189,EfficientViT_M3,6.9,0.263,224,73.4,848.056,Recognition,EfficientViT_M,
190,EfficientViT_M4,8.8,0.299,224,74.3,761.256,Recognition,EfficientViT_M,
191,EfficientViT_M5,12.47,0.522,224,77.1,630.102,Recognition,EfficientViT_M,
192,EvaLargePatch14,304.14,61.65,196,88.59,101.135,Recognition,EVA,22k
193,EvaLargePatch14,304.53,191.55,336,89.2,45.2344,Recognition,EVA,22k
194,EvaGiantPatch14,1012.6,267.4,224,89.1,,Recognition,EVA,clip
195,EvaGiantPatch14,1013,621.45,336,89.57,,Recognition,EVA,m30m
196,EvaGiantPatch14,1014.4,1911.61,560,89.8,,Recognition,EVA,m30m
197,EVA02TinyPatch14,5.76,4.72,336,80.658,317.805,Recognition,EVA02,mim_in22k_ft1k
198,EVA02SmallPatch14,22.13,15.57,336,85.74,176.416,Recognition,EVA02,mim_in22k_ft1k
199,EVA02BasePatch14,87.12,107.6,448,88.692,34.7612,Recognition,EVA02,mim_in22k_ft22k_ft1k
200,EVA02LargePatch14,305.08,363.68,448,90.054,11.6624,Recognition,EVA02,mim_m38m_ft22k_ft1k
201,FasterNetT0,3.9,0.34,224,71.9,1775.67,Recognition,FasterNet,
202,FasterNetT1,7.6,0.85,224,76.2,1703.46,Recognition,FasterNet,
203,FasterNetT2,15,1.9,224,78.9,1343.53,Recognition,FasterNet,
204,FasterNetS,31.1,4.55,224,81.3,826.201,Recognition,FasterNet,
205,FasterNetM,53.5,8.72,224,83,436.996,Recognition,FasterNet,
206,FasterNetL,93.4,15.49,224,83.5,335.379,Recognition,FasterNet,
207,FBNetV3B,5.57,0.53982,256,79.15,784.788,Recognition,FBNetV3,
208,FBNetV3D,10.31,0.66502,256,79.68,753.521,Recognition,FBNetV3,
209,FBNetV3G,16.62,1.3793,256,82.05,531.545,Recognition,FBNetV3,
210,FlexiViTSmall,22.06,5.36,240,82.53,743.069,Recognition,FlexiViT,
211,FlexiViTBase,86.59,20.33,240,84.66,323.861,Recognition,FlexiViT,
212,FlexiViTLarge,304.47,71.09,240,85.64,93.8481,Recognition,FlexiViT,
213,GCViT_XXTiny,12,2.15,224,79.8,345.076,Recognition,GCViT,
214,GCViT_XTiny,20,2.96,224,82.04,258.664,Recognition,GCViT,
215,GCViT_Tiny,28.2,4.83,224,83.4,175.8,Recognition,GCViT,
216,GCViT_Small,51.1,8.63,224,83.95,135.64,Recognition,GCViT,
217,GCViT_Base,90.3,14.9,224,84.47,109.29,Recognition,GCViT,
218,GhostNet_050,2.59,0.0426,224,66.88,1423.53,Recognition,GhostNet,
219,GhostNet_100,5.18,0.1417,224,74.16,1332.75,Recognition,GhostNet,
220,GhostNet_130,7.36,0.2277,224,75.79,1195.01,Recognition,GhostNet,
221,GhostNet_130,7.36,0.2277,224,79.38,1195.01,Recognition,GhostNet,ssld
222,GhostNetV2_100,6.12,0.1685,224,74.41,928.209,Recognition,GhostNetV2,
223,GhostNetV2 (1.0x),6.12,0.1685,224,75.3,,Recognition,GhostNetV2,
224,GhostNetV2 (1.3x),8.96,0.2711,224,76.9,,Recognition,GhostNetV2,
225,GhostNetV2 (1.6x),12.39,0.4009,224,77.8,,Recognition,GhostNetV2,
226,GMLPTiny16,6,1.35,224,72.3,235.083,Recognition,GMLP,
227,GMLPS16,20,4.44,224,79.6,133.468,Recognition,GMLP,
228,GMLPB16,73,15.82,224,81.6,73.6252,Recognition,GMLP,
229,GPViT_L1,9.59,6.15,224,80.5,215.89,Recognition,GPViT,
230,GPViT_L2,24.2,15.74,224,83.4,140.915,Recognition,GPViT,
231,GPViT_L3,36.7,23.54,224,84.1,132.775,Recognition,GPViT,
232,GPViT_L4,75.5,48.29,224,84.3,94.0427,Recognition,GPViT,
233,HaloNextECA26T,10.7,2.43,256,79.5,1011.11,Recognition,HaloNet,
234,HaloNet26T,12.5,3.18,256,79.13,1056.81,Recognition,HaloNet,
235,HaloNetSE33T,13.7,3.55,256,80.99,591.666,Recognition,HaloNet,
236,HaloRegNetZB,11.68,1.97,224,81.042,582.876,Recognition,HaloNet,
237,HaloNet50T,22.7,5.29,256,81.7,509.481,Recognition,HaloNet,
238,HaloBotNet50T,22.6,5.02,256,82,435.006,Recognition,HaloNet,
239,HorNetTiny,22.4,4.01,224,82.8,176.457,Recognition,HorNet,
240,HorNetTinyGF,23,3.94,224,83,,Recognition,HorNet,
241,HorNetSmall,49.5,8.87,224,83.8,132.895,Recognition,HorNet,
242,HorNetSmallGF,50.4,8.77,224,84,,Recognition,HorNet,
243,HorNetBase,87.3,15.65,224,84.2,105.358,Recognition,HorNet,
244,HorNetBaseGF,88.4,15.51,224,84.3,,Recognition,HorNet,
245,HorNetLarge,194.5,34.91,224,86.8,71.6244,Recognition,HorNet,
246,HorNetLargeGF,196.3,34.72,224,87,,Recognition,HorNet,
247,HorNetLargeGF,201.8,102,384,87.7,,Recognition,HorNet,
248,IFormerSmall,19.9,4.88,224,83.4,250,Recognition,IFormer,
249,IFormerSmall,20.9,16.29,384,84.6,130.196,Recognition,IFormer,
250,IFormerBase,47.9,9.44,224,84.6,147.068,Recognition,IFormer,
251,IFormerBase,48.9,30.86,384,85.7,78.2124,Recognition,IFormer,
252,IFormerLarge,86.6,14.12,224,84.6,112.554,Recognition,IFormer,
253,IFormerLarge,87.7,45.74,384,85.8,62.0674,Recognition,IFormer,
254,InceptionNeXtTiny,28.05,4.21,224,82.3,637.253,Recognition,InceptionNeXt,
255,InceptionNeXtSmall,49.37,8.39,224,83.5,346.174,Recognition,InceptionNeXt,
256,InceptionNeXtBase,86.67,14.88,224,84,269.618,Recognition,InceptionNeXt,
257,InceptionNeXtBase,86.67,43.73,384,85.2,151.412,Recognition,InceptionNeXt,
258,LCNet050,1.88,0.04602,224,63.1,3229.05,Recognition,LCNet,
259,LCNet050,1.88,0.04602,224,66.1,3229.05,Recognition,LCNet,ssld
260,LCNet075,2.36,0.09682,224,68.82,2690.82,Recognition,LCNet,
261,LCNet100,2.95,0.15828,224,72.1,2343.16,Recognition,LCNet,
262,LCNet100,2.95,0.15828,224,74.39,2343.16,Recognition,LCNet,ssld
263,LCNet150,4.52,0.33805,224,73.71,2443.05,Recognition,LCNet,
264,LCNet200,6.54,0.58535,224,75.18,2147.76,Recognition,LCNet,
265,LCNet250,9.04,0.90016,224,76.6,1789.1,Recognition,LCNet,
266,LCNet250,9.04,0.90016,224,80.82,1789.1,Recognition,LCNet,ssld
267,LeViT128S,7.8,0.31,224,76.6,865.62,Recognition,LeViT,distill
268,LeViT128,9.2,0.41,224,78.6,672.763,Recognition,LeViT,distill
269,LeViT192,11,0.66,224,80,636.368,Recognition,LeViT,distill
270,LeViT256,19,1.13,224,81.6,582.359,Recognition,LeViT,distill
271,LeViT384,39,2.36,224,82.6,455.795,Recognition,LeViT,distill
272,MaxViT_Tiny,31,5.6,224,83.62,201.674,Recognition,MaxViT,
273,MaxViT_Tiny,31,17.7,384,85.24,94.0024,Recognition,MaxViT,
274,MaxViT_Tiny,31,33.7,512,85.72,53.0237,Recognition,MaxViT,
275,MaxViT_Small,69,11.7,224,84.45,150.903,Recognition,MaxViT,
276,MaxViT_Small,69,36.1,384,85.74,62.5982,Recognition,MaxViT,
277,MaxViT_Small,69,67.6,512,86.19,34.3803,Recognition,MaxViT,
278,MaxViT_Base,119,24.2,224,84.95,76.544,Recognition,MaxViT,
279,MaxViT_Base,119,74.2,384,86.34,32.3341,Recognition,MaxViT,
280,MaxViT_Base,119,138.5,512,86.66,18.3942,Recognition,MaxViT,
281,MaxViT_Base,135,24.2,224,,76.544,Recognition,MaxViT,imagenet21k
282,MaxViT_Base,119,74.2,384,88.24,32.3341,Recognition,MaxViT,imagenet21k-ft1k
283,MaxViT_Base,119,138.5,512,88.38,18.3942,Recognition,MaxViT,imagenet21k-ft1k
284,MaxViT_Large,212,43.9,224,85.17,59.1861,Recognition,MaxViT,
285,MaxViT_Large,212,133.1,384,86.4,24.3532,Recognition,MaxViT,
286,MaxViT_Large,212,245.4,512,86.7,13.3465,Recognition,MaxViT,
287,MaxViT_Large,233,43.9,224,,59.1861,Recognition,MaxViT,imagenet21k
288,MaxViT_Large,212,133.1,384,88.32,24.3532,Recognition,MaxViT,imagenet21k-ft1k
289,MaxViT_Large,212,245.4,512,88.46,13.3465,Recognition,MaxViT,imagenet21k-ft1k
290,MaxViT_XLarge,507,97.7,224,,38.8319,Recognition,MaxViT,imagenet21k
291,MaxViT_XLarge,475,293.7,384,88.51,14.2965,Recognition,MaxViT,imagenet21k-ft1k
292,MaxViT_XLarge,475,535.2,512,88.7,8.06868,Recognition,MaxViT,imagenet21k-ft1k
293,MLPMixerS32,19.1,1.01,224,68.7,500.665,Recognition,MLP,JFT
294,MLPMixerS16,18.5,3.79,224,73.83,438.837,Recognition,MLP,JFT
295,MLPMixerB32,60.3,3.25,224,75.53,248,Recognition,MLP,JFT
296,MLPMixerB32,60.3,3.25,224,72.47,248,Recognition,MLP,imagenet_sam
297,MLPMixerB16,59.9,12.64,224,76.44,206.581,Recognition,MLP,
298,MLPMixerB16,59.9,12.64,224,80.64,206.581,Recognition,MLP,imagenet21k
299,MLPMixerB16,59.9,12.64,224,77.36,206.581,Recognition,MLP,imagenet_sam
300,MLPMixerB16,59.9,12.64,224,80,206.581,Recognition,MLP,JFT
301,MLPMixerL32,206.9,11.3,224,80.67,95.8038,Recognition,MLP,JFT
302,MLPMixerL16,208.2,44.66,224,71.76,77.4111,Recognition,MLP,
303,MLPMixerL16,208.2,44.66,224,82.89,77.4111,Recognition,MLP,imagenet21k
304,MLPMixerL16,208.2,44.66,224,84.82,77.4111,Recognition,MLP,JFT
305,MLPMixerL16,208.2,178.54,448,83.91,,Recognition,MLP,
306,MLPMixerL16,208.2,178.54,448,86.78,,Recognition,MLP,JFT
307,MLPMixerH14,432.3,121.22,224,86.32,44.4475,Recognition,MLP,JFT
308,MLPMixerH14,432.3,484.73,448,87.94,,Recognition,MLP,JFT
309,MobileNetV3Small050,1.29,0.02492,224,57.89,2599.34,Recognition,MobileNetV3,
310,MobileNetV3Small075,2.04,0.04435,224,65.24,2416.64,Recognition,MobileNetV3,
311,MobileNetV3Small100,2.54,0.05762,224,67.66,2241.26,Recognition,MobileNetV3,
312,MobileNetV3Large075,3.99,0.1563,224,73.44,1911.1,Recognition,MobileNetV3,
313,MobileNetV3Large100,5.48,0.21873,224,75.77,1765.26,Recognition,MobileNetV3,
314,MobileNetV3Large100,5.48,0.21873,224,77.92,1765.26,Recognition,MobileNetV3,miil
315,MobileViT_XXS,1.3,0.42,256,69,1215.21,Recognition,MobileViT,
316,MobileViT_XS,2.3,1.05,256,74.7,877.311,Recognition,MobileViT,
317,MobileViT_S,5.6,2.03,256,78.3,597.887,Recognition,MobileViT,
318,MobileViT_V2_050,1.37,0.47,256,70.18,847.04,Recognition,MobileViT_V2,
319,MobileViT_V2_075,2.87,1.04,256,75.56,720.654,Recognition,MobileViT_V2,
320,MobileViT_V2_100,4.9,1.83,256,78.09,666.113,Recognition,MobileViT_V2,
321,MobileViT_V2_125,7.48,2.84,256,79.65,561.756,Recognition,MobileViT_V2,
322,MobileViT_V2_150,10.6,4.07,256,80.38,489.008,Recognition,MobileViT_V2,
323,MobileViT_V2_150,10.6,4.07,256,81.46,489.008,Recognition,MobileViT_V2,imagenet22k
324,MobileViT_V2_150,10.6,9.15,384,82.6,291.174,Recognition,MobileViT_V2,imagenet22k
325,MobileViT_V2_175,14.3,5.52,256,80.84,430.285,Recognition,MobileViT_V2,
326,MobileViT_V2_175,14.3,5.52,256,81.94,430.285,Recognition,MobileViT_V2,imagenet22k
327,MobileViT_V2_175,14.3,12.4,384,82.93,255.375,Recognition,MobileViT_V2,imagenet22k
328,MobileViT_V2_200,18.4,7.12,256,81.17,402.205,Recognition,MobileViT_V2,
329,MobileViT_V2_200,18.4,7.12,256,82.36,402.205,Recognition,MobileViT_V2,imagenet22k
330,MobileViT_V2_200,18.4,16.2,384,83.41,235.994,Recognition,MobileViT_V2,imagenet22k
331,MogaNetXtiny,2.96,0.806,224,76.5,422.468,Recognition,MogaNet,
332,MogaNetTiny,5.2,1.11,224,79,378.634,Recognition,MogaNet,
333,MogaNetTiny,5.2,1.45,256,79.6,346.489,Recognition,MogaNet,
334,MogaNetSmall,25.3,4.98,224,83.4,256.359,Recognition,MogaNet,
335,MogaNetBase,43.7,9.96,224,84.2,132.8,Recognition,MogaNet,
336,MogaNetLarge,82.5,15.96,224,84.6,87.3112,Recognition,MogaNet,
337,NAT_Mini,20,2.73,224,81.8,85.3971,Recognition,NAT,
338,NAT_Tiny,27.9,4.34,224,83.2,63.7573,Recognition,NAT,
339,NAT_Small,50.7,7.84,224,83.7,41.5853,Recognition,NAT,
340,NAT_Base,89.8,13.76,224,84.3,31.255,Recognition,NAT,
341,NFNetL0,35.07,7.13,288,82.75,293.835,Recognition,NFNets,
342,NFNetF0,71.5,12.58,256,83.6,157.118,Recognition,NFNets,
343,NFNetF1,132.6,35.95,320,84.7,65.8114,Recognition,NFNets,
344,NFNetF2,193.8,63.24,352,85.1,40.0457,Recognition,NFNets,
345,NFNetF3,254.9,115.75,416,85.7,23.9545,Recognition,NFNets,
346,NFNetF4,316.1,216.78,512,85.9,14.9337,Recognition,NFNets,
347,NFNetF5,377.2,291.73,544,86,10.4357,Recognition,NFNets,
348,NFNetF6,438.4,379.75,576,86.5,8.4894,Recognition,NFNets,SAM
349,NFNetF7,499.5,481.8,608,,,Recognition,NFNets,
350,ECA_NFNetL0,24.14,7.12,288,82.58,260.699,Recognition,NFNets,
351,ECA_NFNetL1,41.41,14.93,320,84.01,125.579,Recognition,NFNets,
352,ECA_NFNetL2,56.72,30.12,384,84.7,72.0283,Recognition,NFNets,
353,ECA_NFNetL3,72.04,52.73,448,,43.501,Recognition,NFNets,
354,PVT_V2B0,3.7,0.5803,224,70.5,566.962,Recognition,PVT_V2,
355,PVT_V2B1,14,2.14,224,78.7,391.709,Recognition,PVT_V2,
356,PVT_V2B2,25.4,4.07,224,82,210.827,Recognition,PVT_V2,
357,PVT_V2B2_linear,22.6,3.94,224,82.1,219.779,Recognition,PVT_V2,
358,PVT_V2B3,45.2,6.96,224,83.1,137.569,Recognition,PVT_V2,
359,PVT_V2B4,62.6,10.19,224,83.6,96.5694,Recognition,PVT_V2,
360,PVT_V2B5,82,11.81,224,83.8,83.2803,Recognition,PVT_V2,
361,RegNetY040,20.65,3.98,224,82.3,762.997,Recognition,RegNetY,
362,RegNetY064,30.58,6.36,224,83,426.547,Recognition,RegNetY,
363,RegNetY080,39.18,7.97,224,83.17,522.492,Recognition,RegNetY,
364,RegNetY160,83.59,15.92,224,82,340.478,Recognition,RegNetY,
365,RegNetY320,145.05,32.29,224,82.5,194.246,Recognition,RegNetY,
366,RegNetZB16,9.72,1.44,224,79.868,813.178,Recognition,RegNetZ,
367,RegNetZC16,13.46,2.5,256,82.164,664.265,Recognition,RegNetZ,
368,RegNetZC16_EVO,13.49,2.55,256,81.9,,Recognition,RegNetZ,
369,RegNetZD32,27.58,5.96,256,83.422,466.485,Recognition,RegNetZ,
370,RegNetZD8,23.37,3.95,256,83.5,477.033,Recognition,RegNetZ,
371,RegNetZD8_EVO,23.46,4.61,256,83.42,,Recognition,RegNetZ,
372,RegNetZE8,57.7,9.88,256,84.5,288.301,Recognition,RegNetZ,
373,ResMLP12,15,3.02,224,77.8,867.459,Recognition,ResMLP,
374,ResMLP24,30,5.98,224,80.8,461.858,Recognition,ResMLP,
375,ResMLP36,116,8.94,224,81.1,275.699,Recognition,ResMLP,
376,ResMLP_B24,129,100.39,224,83.6,79.4025,Recognition,ResMLP,
377,ResMLP_B24,129,100.39,224,84.4,79.4025,Recognition,ResMLP,imagenet22k
378,ResNest50,28,5.38,224,81.03,545.56,Recognition,ResNeSt,
379,ResNest101,49,13.33,256,82.83,275.683,Recognition,ResNeSt,
380,ResNest200,71,35.55,320,83.84,120.625,Recognition,ResNeSt,
381,ResNest269,111,77.42,416,84.54,63.6791,Recognition,ResNeSt,
382,ResNet50D,25.58,4.33,224,80.53,906.625,Recognition,ResNetD,
383,ResNet101D,44.57,8.04,224,83.022,485.327,Recognition,ResNetD,
384,ResNet152D,60.21,11.75,224,83.68,339.762,Recognition,ResNetD,
385,ResNet200D,64.69,15.25,224,83.962,277.768,Recognition,ResNetD,
386,ResNet51Q,35.7,4.87,224,82.36,796.151,Recognition,ResNetQ,
387,ResNet61Q,36.8,5.96,224,,691.785,Recognition,ResNetQ,
388,ResNeXt50,25,4.23,224,79.768,1017.99,Recognition,ResNeXt,
389,ResNeXt50,25,4.23,224,82.182,1017.99,Recognition,ResNeXt,SWSL
390,ResNeXt50D,25,4.47,224,79.676,975.949,Recognition,ResNeXt,
391,ResNeXt101,42,7.97,224,80.334,551.088,Recognition,ResNeXt,
392,ResNeXt101,42,7.97,224,83.23,551.088,Recognition,ResNeXt,SWSL
393,ResNeXt101W,89,16.41,224,79.308,357.177,Recognition,ResNeXt,
394,ResNeXt101W,89,16.41,224,84.284,357.177,Recognition,ResNeXt,SWSL
395,ResNeXt101W_64,83.46,15.46,224,82.46,363.869,Recognition,ResNeXt,
396,SwinTransformerV2Tiny_ns,28.3,4.69,224,81.8,292.892,Recognition,SwinTransformerV2,
397,SwinTransformerV2Small_ns,49.7,9.12,224,83.5,164.114,Recognition,SwinTransformerV2,
398,SwinTransformerV2Tiny_window8,28.3,5.99,256,81.8,266.172,Recognition,SwinTransformerV2,
399,SwinTransformerV2Tiny_window16,28.3,6.75,256,82.8,207.568,Recognition,SwinTransformerV2,
400,SwinTransformerV2Small_window8,49.7,11.63,256,83.7,141.093,Recognition,SwinTransformerV2,
401,SwinTransformerV2Small_window16,49.7,12.93,256,84.1,122.444,Recognition,SwinTransformerV2,
402,SwinTransformerV2Base_window8,87.9,20.44,256,84.2,118.361,Recognition,SwinTransformerV2,
403,SwinTransformerV2Base_window16,87.9,22.17,256,84.6,94.8596,Recognition,SwinTransformerV2,
404,SwinTransformerV2Base_window16,87.9,22.17,256,86.2,94.8596,Recognition,SwinTransformerV2,22k
405,SwinTransformerV2Base_window24,87.9,55.89,384,87.1,35.4368,Recognition,SwinTransformerV2,22k
406,SwinTransformerV2Large_window16,196.7,48.03,256,86.9,62.1343,Recognition,SwinTransformerV2,22k
407,SwinTransformerV2Large_window24,196.7,117.1,384,87.6,21.8255,Recognition,SwinTransformerV2,22k
408,TinyNetE,2.04,0.02522,106,59.86,2460.12,Recognition,TinyNet,
409,TinyNetD,2.34,0.05335,152,66.96,2165.13,Recognition,TinyNet,
410,TinyNetC,2.46,0.10322,184,71.23,1550.45,Recognition,TinyNet,
411,TinyNetB,3.73,0.20628,188,74.98,1326.3,Recognition,TinyNet,
412,TinyNetA,6.19,0.34374,192,77.65,1076.39,Recognition,TinyNet,
413,TinyViT_5M,5.4,1.3,224,79.1,587.78,Recognition,TinyViT,distill
414,TinyViT_5M,5.4,1.3,224,80.7,587.78,Recognition,TinyViT,imagenet21k-ft1k
415,TinyViT_11M,11,2,224,81.5,454.312,Recognition,TinyViT,distill
416,TinyViT_11M,11,2,224,83.2,454.312,Recognition,TinyViT,imagenet21k-ft1k
417,TinyViT_21M,21,4.3,224,83.1,334.34,Recognition,TinyViT,distill
418,TinyViT_21M,21,4.3,224,84.8,334.34,Recognition,TinyViT,imagenet21k-ft1k
419,TinyViT_21M,21,13.8,384,86.2,201.022,Recognition,TinyViT,21k
420,TinyViT_21M,21,27,512,86.5,126.521,Recognition,TinyViT,21k
421,UniformerSmall32,22,3.66,224,83.4,414.23,Recognition,UniFormer,TL
422,UniformerSmall64,22,3.66,224,82.9,408.464,Recognition,UniFormer,
423,UniformerSmall64,22,3.66,224,83.4,408.464,Recognition,UniFormer,Token Labeling
424,UniformerSmallPlus32,24,4.24,224,83.4,377.856,Recognition,UniFormer,
425,UniformerSmallPlus32,24,4.24,224,83.9,377.856,Recognition,UniFormer,Token Labeling
426,UniformerSmallPlus64,24,4.23,224,83.4,373.724,Recognition,UniFormer,
427,UniformerSmallPlus64,24,4.23,224,83.6,373.724,Recognition,UniFormer,Token Labeling
428,UniformerBase32,50,8.32,224,85.1,186.922,Recognition,UniFormer,TL
429,UniformerBase64,50,8.31,224,83.8,187.371,Recognition,UniFormer,
430,UniformerBase64,50,8.31,224,84.8,187.371,Recognition,UniFormer,Token Labeling
431,UniformerLarge64,100,19.79,224,85.6,105.681,Recognition,UniFormer,TL
432,UniformerLarge64,100,63.11,384,86.3,52.4368,Recognition,UniFormer,TL
433,VanillaNet5,22.33,8.46,224,72.49,605.05,Recognition,VanillaNet,
434,VanillaNet5_deploy,15.52,5.17,224,72.49,784.606,Recognition,VanillaNet,
435,VanillaNet6,56.12,10.11,224,76.36,507.217,Recognition,VanillaNet,
436,VanillaNet6_deploy,32.51,6,224,76.36,676.752,Recognition,VanillaNet,
437,VanillaNet7,56.67,11.84,224,77.98,408.414,Recognition,VanillaNet,
438,VanillaNet7_deploy,32.8,6.9,224,77.98,550.639,Recognition,VanillaNet,
439,VanillaNet8,65.18,13.5,224,79.13,370.308,Recognition,VanillaNet,
440,VanillaNet8_deploy,37.1,7.75,224,79.13,483.333,Recognition,VanillaNet,
441,VanillaNet9,73.68,15.17,224,79.87,336.336,Recognition,VanillaNet,
442,VanillaNet9_deploy,41.4,8.59,224,79.87,473.191,Recognition,VanillaNet,
443,VanillaNet10,82.19,16.83,224,80.57,303.437,Recognition,VanillaNet,
444,VanillaNet10_deploy,45.69,9.43,224,80.57,425.838,Recognition,VanillaNet,
445,VanillaNet11,90.69,18.49,224,81.08,276.779,Recognition,VanillaNet,
446,VanillaNet11_deploy,50,10.27,224,81.08,391.48,Recognition,VanillaNet,
447,VanillaNet12,99.2,20.16,224,81.55,257.595,Recognition,VanillaNet,
448,VanillaNet12_deploy,54.29,11.11,224,81.55,359.306,Recognition,VanillaNet,
449,VanillaNet13,107.7,21.82,224,82.05,240.025,Recognition,VanillaNet,
450,VanillaNet13_deploy,58.59,11.96,224,82.05,338.175,Recognition,VanillaNet,
451,VOLO_d1,27,4.82,224,84.2,,Recognition,VOLO,
452,VOLO_d1,27,14.22,384,85.2,,Recognition,VOLO,
453,VOLO_d2,59,9.78,224,85.2,,Recognition,VOLO,
454,VOLO_d2,59,28.84,384,86,,Recognition,VOLO,
455,VOLO_d3,86,13.8,224,85.4,,Recognition,VOLO,
456,VOLO_d3,86,55.5,448,86.3,,Recognition,VOLO,
457,VOLO_d4,193,29.39,224,85.7,,Recognition,VOLO,
458,VOLO_d4,193,117.81,448,86.8,,Recognition,VOLO,
459,VOLO_d5,296,53.34,224,86.1,,Recognition,VOLO,
460,VOLO_d5,296,213.72,448,87,,Recognition,VOLO,
461,VOLO_d5,296,279.36,512,87.1,,Recognition,VOLO,
462,WaveMLP_T,17,2.47,224,80.9,557.307,Recognition,WaveMLP,
463,WaveMLP_S,30,4.55,224,82.9,249.051,Recognition,WaveMLP,
464,WaveMLP_M,44,7.92,224,83.3,166.673,Recognition,WaveMLP,
465,WaveMLP_B,63,10.26,224,83.6,160.065,Recognition,WaveMLP,
466,EfficientDetD0,3.9,2.55,512,34.3,274.844,Detection,EfficientDet,
467,EfficientDetD0,3.9,2.55,512,35.1,,Detection,EfficientDet,Det-AdvProp
468,EfficientDetD1,6.6,6.13,640,40.2,148.824,Detection,EfficientDet,
469,EfficientDetD1,6.6,6.13,640,40.8,,Detection,EfficientDet,Det-AdvProp
470,EfficientDetD2,8.1,11.03,768,43.5,97.6105,Detection,EfficientDet,
471,EfficientDetD2,8.1,11.03,768,44.3,,Detection,EfficientDet,Det-AdvProp
472,EfficientDetD3,12,24.95,896,46.8,55.1658,Detection,EfficientDet,
473,EfficientDetD3,12,24.95,896,47.7,,Detection,EfficientDet,Det-AdvProp
474,EfficientDetD4,20.7,55.29,1024,49.3,31.7801,Detection,EfficientDet,
475,EfficientDetD4,20.7,55.29,1024,50.4,,Detection,EfficientDet,Det-AdvProp
476,EfficientDetD5,33.7,135.62,1280,51.2,15.4823,Detection,EfficientDet,
477,EfficientDetD5,33.7,135.62,1280,52.2,,Detection,EfficientDet,Det-AdvProp
478,EfficientDetD6,51.9,225.93,1280,52.1,11.3327,Detection,EfficientDet,
479,EfficientDetD7,51.9,325.34,1536,53.4,7.81326,Detection,EfficientDet,
480,EfficientDetD7X,77,410.87,1536,54.4,6.37054,Detection,EfficientDet,
481,EfficientDetLite0,3.2,0.98,320,27.5,664.793,Detection,EfficientDet,
482,EfficientDetLite1,4.2,1.97,384,32.6,445.699,Detection,EfficientDet,
483,EfficientDetLite2,5.3,3.38,448,36.2,323.178,Detection,EfficientDet,
484,EfficientDetLite3,8.4,7.5,512,39.9,197.332,Detection,EfficientDet,
485,EfficientDetLite3X,9.3,14.01,640,44,123.29,Detection,EfficientDet,
486,EfficientDetLite4,15.1,20.2,640,44.4,101.555,Detection,EfficientDet,
487,YOLO_NAS_S,12.18,15.92,640,47.5,320.124,Detection,YOLO_NAS,
488,YOLO_NAS_S_use_reparam_conv,12.88,16.96,640,47.5,239.282,Detection,YOLO_NAS,
489,YOLO_NAS_M,31.92,43.91,640,51.55,166.667,Detection,YOLO_NAS,
490,YOLO_NAS_M_use_reparam_conv,33.86,47.12,640,51.55,128.672,Detection,YOLO_NAS,
491,YOLO_NAS_L,42.02,59.95,640,52.22,129.892,Detection,YOLO_NAS,
492,YOLO_NAS_L_use_reparam_conv,44.53,64.53,640,52.22,97.828,Detection,YOLO_NAS,
493,YOLOR_CSP,52.9,60.25,640,50,120.886,Detection,YOLOR,
494,YOLOR_CSPX,99.8,111.11,640,51.5,64.5295,Detection,YOLOR,
495,YOLOR_P6,37.3,162.87,1280,52.5,52.0692,Detection,YOLOR,
496,YOLOR_W6,79.9,226.67,1280,53.6,41.8772,Detection,YOLOR,
497,YOLOR_E6,115.9,341.62,1280,50.3,23.2091,Detection,YOLOR,
498,YOLOR_D6,151.8,467.88,1280,50.8,17.4138,Detection,YOLOR,
499,YOLOV7_Tiny,6.23,2.9,416,33.3,857.615,Detection,YOLOV7,
500,YOLOV7_CSP,37.67,53,640,51.4,139.919,Detection,YOLOV7,
501,YOLOV7_X,71.41,95,640,53.1,83.818,Detection,YOLOV7,
502,YOLOV7_W6,70.49,180.1,1280,54.9,52.5463,Detection,YOLOV7,
503,YOLOV7_E6,97.33,257.6,1280,56,32.5041,Detection,YOLOV7,
504,YOLOV7_D6,133.9,351.4,1280,56.6,27.9053,Detection,YOLOV7,
505,YOLOV7_E6E,151.9,421.7,1280,56.8,20.9202,Detection,YOLOV7,
506,YOLOV8_N,3.16,4.39,640,37.3,622.29,Detection,YOLOV8,
507,YOLOV8_S,11.17,14.33,640,44.9,361.696,Detection,YOLOV8,
508,YOLOV8_M,25.9,39.52,640,50.2,160.866,Detection,YOLOV8,
509,YOLOV8_L,43.69,82.65,640,52.9,105.888,Detection,YOLOV8,
510,YOLOV8_X,68.23,129,640,53.9,66.6191,Detection,YOLOV8,
511,YOLOV8_X6,97.42,522.6,1280,56.7,17.9007,Detection,YOLOV8,
512,YOLOXNano,0.91,0.53,416,25.8,975.445,Detection,YOLOX,
513,YOLOXTiny,5.06,3.22,416,32.8,734.848,Detection,YOLOX,
514,YOLOXS,9,13.39,640,40.5,376.623,Detection,YOLOX,
515,YOLOXM,25.3,36.84,640,46.9,172.361,Detection,YOLOX,
516,YOLOXL,54.2,77.76,640,49.7,111.519,Detection,YOLOX,
517,YOLOXX,99.1,140.87,640,51.5,62.6076,Detection,YOLOX,
518,GPT2_Base,163.04,146.42,50257,35.13,30.6871,Language,GPT2,
519,GPT2_Medium,406.29,415.07,50257,15.6,17.2073,Language,GPT2,
520,GPT2_Large,838.36,890.28,50257,10.87,,Language,GPT2,
521,GPT2_XLarge,1638,1758.3,50257,8.63,,Language,GPT2,
